way,trace.stream,trace.hpcg
direct,0.327737,0.867551
2-way,0.328433,0.865328
4-way,0.328405,0.869441
8-way,0.327774,0.868782
fully,0.332619,0.880958
